Foto;Títol;Localització;Atributs;Informació;Título;Localización;Información
sagrat_cor_de_jesus.jpg;Sagrat Cor de Jesús;Nau central;Cor envoltat d’espines i flames, creu;"El Sagrat Cor de Jesús simbolitza l’amor i la misericòrdia de Jesús per la humanitat, expressats en un cor que crema d’amor. Aquest quadre el representa sobre el pit de Jesús amb els seus elements més característics: en flames, símbol del seu amor ardent per la humanitat; envoltat per una corona d’espines, com a recordatori de la Passió; amb una ferida, que evoca el moment en què el centurió Longí li traspassà el costat amb una llança, i coronat amb una creu en record de la seva crucifixió.";Sagrado Corazón de Jesús;Nave central;"El Sagrado Corazón de Jesús simboliza el amor y la misericordia de Jesús por la humanidad, expresados ​​en un corazón que arde de amor. Este cuadro lo representa sobre el pecho de Jesús con sus elementos más característicos: en llamas, símbolo de su amor ardiente por la humanidad; rodeado por una corona de espinas, como recordatorio de la Pasión; con una herida, que evoca el momento en que el centurión Longino le traspasó el lado con una lanza; y coronado con una cruz en recuerdo de su crucifixión."
sagrat_cor_de_maria.jpg;Immaculat Cor de Maria;Nau central;Cor envoltat de roses i flames, atravessat per una espasa;"L’Immaculat Cor de Maria simbolitza l’amor de la Verge per Déu i per tota la humanitat. Aquest quadre el representa sobre el pit de Maria amb els seus elements més característics: envoltat de roses, símbol de la seva puresa; coronat amb flames, que representen l’amor ardent de la Verge envers Déu i la humanitat, i travessat per una espasa, en record de la profecia de sant Simeó, qui va anunciar a Maria, en la presentació del Nin Jesús al Temple, que una espasa travessaria la seva ànima, referint-se als dolors i patiments que patiria al costat del seu fill.";Inmaculado Corazón de María;Nave central;"El Inmaculado Corazón de María simboliza el amor de la Virgen por Dios y por toda la humanidad. Este cuadro lo representa sobre el pecho de María con sus elementos más característicos: rodeado de rosas, símbolo de su pureza; coronado de llamas, que representan el amor ardiente de la Virgen hacia Dios y la humanidad; y atravesado por una espada, en recuerdo de la profecía de san Simeón, quien anunció a María, en la presentación del Niño Jesús en el Templo, que una espada atravesaría su alma, refiriéndose a los dolores y sufrimientos que sufriría junto a su hijo.."
sant_antoni_de_padua.jpg;Sant Antoni de Pàdua;Nau central;Hàbit marró franciscà, tonsura, branca de lliris blancs, llibre, Nin Jesús;Sant Antoni de Pàdua (1195-1231) va ser un frare franciscà, professor de teologia i gran predicador, famós pels molts miracles que se li atribueixen. A Mallorca és conegut popularment com a sant Antoni dels Albercocs. Nasqué a Lisboa, motiu pel qual també se’l coneix com sant Antoni de Lisboa, i li posaren de nom Ferran. Als quinze anys entrà a l’orde dels agustins, però anys després ingressà al convent franciscà de Sant Antoni de Coimbra i va ser quan adoptà el nom d’Antoni. Els seus sermons aviat li donaren una fama extraordinària i és considerat un dels grans predicadors de la història de l’Església Catòlica. També destacà com a teòleg, i sant Francesc d’Assís li confià l’ensenyament de la teologia als frares franciscans, tasca que exercí en diversos centres. Durant els darrers anys de la seva vida s’establí a Pàdua, on continuà la seva activitat de predicació i ensenyament fins poc abans de morir. La seva popularitat i fama de miracler eren tan grans que va ser canonitzat menys d’un any després de la seva mort. De fet, és el segon sant que més ràpidament ha estat canonitzat en la història de l’Església Catòlica. L’any 1946 va ser proclamat doctor de l’Església amb el títol de Doctor Evangèlic.// En aquest quadre se’l representa amb el cap tonsurat i vestit amb l’hàbit franciscà, de color marró amb cordó. De la cintura li penja també un rosari, element de devoció habitual entre els franciscans.  Subjecta amb una mà una branca de lliris blancs, símbol de puresa, i amb l’altra sosté un llibre amb un Nin Jesús al damunt. El llibre simbolitza la seva faceta de teòleg i predicador, mentre que el Nin Jesús fa referència a una ocasió en què se’l va veure sostenint-lo en braços enmig d’un gran resplendor. Sovint, com en aquest cas, el Nin Jesús està damunt el llibre en al·lusió al fet que, segons una tradició, se li va aparèixer mentre llegia o meditava les Sagrades Escriptures.;San Antonio de Padua;Nave central;San Antonio de Padua (1195-1231) fue un fraile franciscano, profesor de teología y gran predicador, famoso por los numerosos milagros que se le atribuyen. En Mallorca es conocido popularmente como *sant Antoni dels Albercocs*. Nació en Lisboa, motivo por el cual también se le conoce como san Antonio de Lisboa, y le pusieron por nombre Fernando. A los quince años ingresó en la orden de los agustinos, pero años después entró en el convento franciscano de San Antonio de Coimbra y fue cuando adoptó el nombre de Antonio. Sus sermones le dieron pronto una fama extraordinaria y se le considera uno de los grandes predicadores de la historia de la Iglesia Católica. También destacó como teólogo, y San Francisco de Asís le confió la enseñanza de la teología a los frailes franciscanos, tarea que ejerció en varios centros. Durante los últimos años de su vida se estableció en Padua, donde continuó su actividad de predicación y enseñanza hasta poco antes de morir. Su popularidad y fama de milagrero eran tan grandes que fue canonizado menos de un año después de su muerte. De hecho, es el segundo santo que más rápidamente ha sido canonizado en la historia de la Iglesia Católica. En 1946 fue proclamado doctor de la Iglesia con el título de Doctor Evangélico.// En este cuadro se le representa con la cabeza tonsurada y vistiendo el hábito franciscano, de color marrón con cordón. De la cintura le cuelga también un rosario, elemento de devoción habitual entre los franciscanos. Sujeta con una mano una rama de lirios blancos, símbolo de pureza, y con la otra sostiene un libro con un Niño Jesús encima. El libro simboliza su faceta de teólogo y predicador, mientras que el Niño Jesús refiere a una ocasión en que se le vio sosteniéndolo en brazos en medio de un gran resplandor. A menudo, como en este caso, el Niño Jesús está sobre el libro en alusión a que, según una tradición, se le apareció mientras leía as Sagradas Escrituras.
sant_miquel.jpg;Sant Miquel;Nau central;Llança, escut, armadura, dimoni als seus peus;L’arcàngel sant Miquel és el capità de les milícies celestials, el protector d’Israel i de l’Església contra els seus enemics i l’encarregat d’acompanyar les ànimes dels morts fins al cel. En la iconografia cristiana simbolitza, sobretot, la victòria del Bé sobre el Mal. // En aquest quadre se'l representa com un jove alat, vestit com un soldat romà i armat amb una llança i un escut, en el moment d'expulsar a Lucifer del cel i confinar-lo a l’infern. Sobre l’escut hi ha escrit *Quis sicut Deus* (“Qui és com Déu?”), traducció llatina del seu nom hebreu. La inscripció també remet a la tradició medieval segons la qual, quan Lucifer es volgué equiparar a Déu, sant Miquel arengà els altres àngels amb aquestes paraules perquè combatessin contra ell i els àngels que li feien costat.;San Miguel;Nave central;El arcángel san Miguel es el capitán de las milicias celestiales, el protector de Israel y de la Iglesia contra sus enemigos y el encargado de acompañar a las almas de los muertos hasta el cielo. En la iconografía cristiana simboliza, sobre todo, la victoria del Bien sobre el Mal.// En este cuadro se le representa como un joven alado, vestido como un soldado romano y armado con una lanza y un escudo, en el momento de expulsar a Lucifer del cielo y confinarlo en el infierno. Sobre el escudo está escrito *Quin sicut Deus* (“Quién es como Dios?”), traducción latina de su nombre hebreo. La inscripción también remite a la tradición medieval según la cual, cuando Lucifer quiso equipararse a Dios, san Miguel arengó a los demás ángeles con estas palabras para que combatieran contra él y los ángeles que le apoyaban.
santa_aina.jpg;Santa Aina i la Verge Maria;Nau central;Llibre, Verge Maria nina;Santa Aina (s. I) va ser la mare de la Verge Maria. Aquest quadre representa el tema conegut com l’Educació de la Verge: santa Aina sosté un llibre obert sobre la falda mentre ensenya a llegir a la seva filla Maria.;Santa Ana y la Virgen María;Nave central;Santa Ana (s. I) fue la madre de la Virgen María. Este cuadro representa el tema conocido como la Educación de la Virgen: santa Ana sostiene un libro abierto sobre el regazo mientras enseña a leer a su hija María.
santa_barbara.jpg;Santa Bàrbara;Nau central;Destral, corona, torre, llamp ;Santa Bàrbara de Nicomèdia (s. III) era la filla d’un home molt ric que la tancà en una torre per preservar-la del contacte amb el món fins que es casàs. Però ella, en secret, es va fer cristiana i consagrà la seva virginitat a Déu. En assabentar-se’n, son pare decidí matar-la, però miraculosament la torre s’obrí i pogué fugir. Finalment va ser atrapada i torturada per ordre de son pare perquè renegàs de la fe cristiana i, com que no ho aconseguiren, el seu propi pare la decapità. Com a càstig diví, quan aquest tornava a casa seva, un llamp, precedit d’un gran tro, el matà. Per aquest motiu, santa Bàrbara és a qui invocam contra els trons i els llamps.// En aquest quadre se la representa amb una destral a les mans, que recorda la seva decapitació, i una diadema que indica el seu estatus social elevat. En segon pla s’observa a l’esquerra el seu atribut més característic, una torre com aquella on romangué tancada, i al cel, un llamp com el que matà son pare.;Santa Bárbara;Nave central;"Santa Bárbara de Nicomedia (s. III) era la hija de un hombre muy rico que la encerró en una torre para preservarla del contacto con el mundo hasta que se casara. Pero ella, en secreto, se hizo cristiana y consagró su virginidad a Dios. Al enterarse, su padre decidió matarla, pero milagrosamente la torre se abrió y pudo huir. Finalmente fue capturada y torturada por orden de su padre para que renegara de la fe cristiana; como no lo consiguieron, su propio padre la decapitó. Como castigo divino, cuando este volvía a su casa, un rayo, precedido de un gran trueno, lo mató. Por este motivo, santa Bárbara es a quien se invoca contra los truenos y los rayos.// En este cuadro se la representa con un hacha en las manos, que recuerda su decapitación, y una diadema que indica su estatus social elevado. En segundo plano se observa a la izquierda su atributo más característico, una torre como aquella donde permaneció encerrada, y en el cielo, un rayo como el que mató a su padre."
nativitat.jpg;Naixement;Presbiteri;"Sant Josep: Vara florida Verge Maria: Corona d’estrelles, mantell blau";Aquest Naixement és considerat una de les grans obres del neoclassicisme religiós mallorquí. És obra de l’artista català Adrià Ferran i data de devers 1824. Consta de sis figures: la Verge Maria, sant Josep, el Nin Jesús i tres pastors. La gruta de pedra que l’acull és de mitjan segle XX.// En aquest conjunt, sant Josep duu un dels seus atributs més característics: una vara florida, que recorda com va ser escollit com a marit de la Verge. Segons la tradició, quan es cercava un pretendent per a Maria, els sacerdots del Temple varen demanar a tots els homes de la casa de David en edat de casar-se que deixassin les seves vares damunt l’altar del temple, i la de Josep va florir miraculosament, la qual cosa es considerà una senyal que era l’escollit per Déu per casar-s’hi// La Verge vesteix túnica blanca i mantell blau, símbols de puresa i celestialitat, respectivament, i és coronada amb una aureola de dotze estrelles, un dels seus atributs característics com a Puríssima.;Nacimiento;Presbiterio;Se considera este Nacimiento como una de las grandes obras del neoclasicismo religioso mallorquín. Es obra del artista catalán Adrià Ferran y data de alrededor de 1824. Consta de seis figuras: la Virgen María, san José, el Niño Jesús y tres pastores. La gruta de piedra que lo acoge es de mediados del siglo XX.// En este conjunto, san José lleva uno de sus atributos más característicos: una vara florida que recuerda cómo fue escogido como esposo de la Virgen. Según la tradición, cuando se buscaba un pretendiente para María, los sacerdotes del Templo pidieron a todos los hombres de la casa de David en edad de casarse que dejaran sus varas sobre el altar del templo, y la de José floreció milagrosamente, lo que se consideró una señal de que era el escogido por Dios para desposarla.// La Virgen viste túnica blanca y manto azul, símbolos de pureza y celestialidad, respectivamente, y está coronada con una aureola de doce estrellas, uno de sus atributos característicos como Purísima.
sant_bernat.jpg;Sant Bernat;Presbiteri;Hàbit blanc cistercenc, crucifix, calavera, àngels;Sant Bernat (1090-1153) va ser un monjo i abat cistercenc, i una de les figures més importants de la cristiandat del segle XII. Quan tenia uns 22 anys ingressà al monestir de Cîteaux, en aquell moment l'única comunitat cistercenca que existia, i pocs anys després fundà el monestir de Claravall, del qual va ser abat fins que morí. Va ser un gran impulsor i propagador de l’orde del Císter, del qual fundà 68 monestirs més repartits per tota Europa. Va promoure una vida religiosa austera i contemplativa i destacà com a predicador, escriptor i gran difusor del culte a la Mare de Déu. També exercí una gran influència en els afers de l'Església del seu temps i predicà la Segona Croada. La tradició li donà el sobrenom de Doctor Mel·liflu per l'estil poètic i emotiu dela seus sermons. Va ser nomenat Doctor de l'Església l'any 1830 i és considerat el darrer dels Pares de l'Església.// En aquest quadre apareix vestit amb l’hàbit blanc cistercenc i el cap tonsurat. La seva postura, agenollat en actitud de contemplació davant un crucifix mentre sosté una corona d’espines entre les mans, recorda la importància que la meditació constant sobre la Passió de Crist té en l’espiritualitat cistercenca.;San Bernardo;Presbiterio;San Bernardo (1090-1153) fue un monje y abad cisterciense, y una de las figuras más importantes de la cristiandad del siglo XII. Cuando tenía unos 22 años ingresó en el monasterio de Cîteaux, en ese momento la única comunidad cisterciense que existía, y pocos años después fundó el monasterio de Claraval, del cual fue abad hasta su muerte. Fue un gran impulsor y propagador del orden del Císter, del cual fundó 68 monasterios más repartidos por toda Europa. Promovió una vida religiosa austera y contemplativa y destacó como predicador, escritor y gran difusor del culto a la Virgen María. También ejerció una gran influencia en los asuntos de la Iglesia de su tiempo y predicó la Segunda Cruzada. La tradición le dio el sobrenombre de Doctor Melifluo por el estilo poético y emotivo de sus sermones. Fue proclamado Doctor de la Iglesia en 1830 y se le considera el último de los Padres de la Iglesia.// En este cuadro aparece vestido con el hábito blanco cisterciense y la cabeza tonsurada. Su postura, arrodillado en actitud de contemplación ante un crucifijo mientras sostiene una corona de espinas entre las manos, recuerda la importancia que la meditación constante sobre la Pasión de Cristo tiene en la espiritualidad cisterciense.
sant_bru.jpg;Sant Bru;Presbiteri;Hàbit blanc cartoixà, tonsura, crucifix, branca;Sant Bru (c. 1030-1101) va ser el fundador de l'Orde de la Cartoixa. Originari de Colònia (Alemanya), va estudiar a l'escola de la catedral de Reims, de la qual acabà essent professor i director durant més de vint anys. Per la seva fama com a teòleg, l’any 1080 se li oferí l'arquebisbat de Reims, un dels més prestigiosos de França, però ell el rebutjà perquè preferia dur una vida ascètica i solitària que li permetés una relació més directa amb Déu. Durant un temps visqué en una comunitat dirigida per sant Robert, futur fundador de l'Orde del Císter, però després, cercant una vida encara més solitària, fundà amb sis companys un monestir al massís de Chartreuse, prop de Grenoble. Aquell monestir va ser l’origen de l’Orde de la Cartoixa, Chartreuse en francès. Més endavant va ser cridat a la Santa Seu pel papa Urbà II, antic alumne seu de Reims. Bru, però, enyorava la vida eremítica i al cap d’uns anys, després de rebutjar un altre arquebisbat, obtingué permís del papa per retirar-se a Calàbria, on fundà una ermita i visqué els darrers anys de la seva vida.// En aquest quadre apareix amb el cap tonsurat i vestit amb l’hàbit blanc cartoixà, amb la característica cogulla de mànigues molt amples. Està agenollat davant una creu de fusta plantada a terra, símbol de la seva vida contemplativa. L'esquelet que apareix als seus peus és un dels seus atributs habituals i simbolitza la meditació sobre la mort, la brevetat de la vida terrenal i l'eternitat, pròpia de l'espiritualitat contemplativa i eremítica dels cartoixans.;San Bruno;Presbiterio;San Bruno (c. 1030-1101) fue el fundador de la Orden de la Cartuja. Originario de Colonia (Alemania), estudió en la escuela de la catedral de Reims, de la que acabó siendo profesor y director durante más de veinte años. Por su fama de teólogo, en el año 1080 se le ofreció el arzobispado de Reims, uno de los más prestigiosos de Francia, pero lo rechazó porque prefería llevar una vida ascética y solitaria que le permitiera una relación más directa con Dios. Durante un tiempo vivió en una comunitat dirigida por san Roberto, futuro fundador de la Orden del Císter, pero después, buscando una vida aún más solitaria, fundó con seis compañeros un monasterio en el macizo de Chartreuse, cerca de Grenoble. Aquel monasterio fue el origen de la Orden de la Cartuja, Chartreuse en francés. Más adelante fue llamado a la Santa Sede por el papa Urbano II, antiguo alumno suyo en Reims. Bruno, sin embargo, añoraba la vida eremítica y al cabo de unos años, tras rechazar otro arzobispado, obtuvo permiso del papa para retirarse a Calabria, donde fundó una ermita y vivió los últimos años de su vida.// En este cuadro aparece con  la cabeza tonsurada y vestido con el hábito blanco cartujo, con la característica cogulla de amplias mangas. Está arrodillado ante una cruz de madera clavada en el suelo, símbolo de su vida contemplativa. El esqueleto que aparece a sus pies es uno de sus atributos habituales y simboliza la meditación sobre la muerte, la brevedad de la vida terrenal y la eternidad, propia de la espiritualidad contemplativa y eremítica de los cartujos.
sant_jaume.jpg;Sant Jaume;Presbiteri;Indumentària de pelegrí, bastó de pelegrí, carabassa per l’aigua, llibre, vieira;Sant Jaume el Major (s. I) va ser un dels dotze apòstols i el germà gran de sant Joan l’Evangelista. Formà part del grup de deixebles més proper a Jesús, i després de la seva mort predicà per Samària, Judea i, segons la tradició, també per la península Ibèrica. Va ser el primer apòstol que morí martiritzat, manat decapitar per Herodes Agripa II per acontentar els jueus. Segons la llegenda, les seves despulles varen ser traslladades a Galícia per sis deixebles i descansen a Santiago de Compostel·la.// En aquesta pintura se’l representa en el model conegut com “sant Jaume pelegrí”, amb indumentària i bastó de pelegrí, del qual penja una carabassa que servia de cantimplora, i amb una vieira al pit, emblema característic dels pelegrins a Santiago de Compostel·la. Porta, a més, un llibre sota el braç, que al·ludeix a la seva condició d’apòstol i a la seva missió evangelitzadora.;Santiago;Presbiterio;Santiago el Mayor (s. I) fue uno de los doce apóstoles y el hermano mayor de san Juan Evangelista. Predicó por Samaria, Judea y, según la tradición, también por la península Ibérica. Fue el primer apóstol en morir martirizado, mandado decapitar por Herodes Agripa II para contentar a los judíos. Según la leyenda, sus restos fueron trasladados a Galicia por seis discípulos y descansan en Santiago de Compostela.// En esta pintura se le representa según el modelo conocido como “Santiago peregrino”, vestido de peregrino y con su bastón, del que cuelga una calabaza que servía de cantimplora, y con una vieira en el pecho, emblema característico de los peregrinos a Santiago de Compostela. Lleva, además, un libro bajo el brazo, que alude a su condición de apóstol y a su misión evangelizadora.
coronacio_de_maria.jpg;Coronació de Maria;Cúpula;;Els frescos d’aquesta cúpula són obra del pintor italo-mallorquí Francesc Parietti Rigo, de l’any 1863. La imatge central representa la Coronació de la Verge Maria com a Reina del Cel després de pujar al cel en cos i ànima. L’escena principal respon a una iconografia tradicional: Jesús posa una corona al cap de Maria en presència del Pare, sota la llum divina de l’Esperit Sant en forma de colom. Aquesta escena principal és acompanyada per uns àngels acòlits que sostenen un ceptre i un orbe, dos dels atributs de la Verge com a Reina del Cel i de la Terra. Un grup d’àngels músics i alguns angelets que contemplen la coronació completen l’escena, de manera que la cúpula actua com a metàfora del cel.;Coronación de María;Cúpula;Los frescos de esta cúpula son obra del pintor italo-mallorquín Francesc Parietti Rigo, de 1863. La imagen central representa la Coronación de la Virgen María como Reina del Cielo después de subir al cielo en cuerpo y alma. La escena principal responde a una iconografía tradicional: Jesús coloca una corona sobre la cabeza de María en presencia del Padre, bajo la luz divina del Espíritu Santo en forma de paloma. Esta escena principal está acompañada por unos ángeles acólitos que sostienen un cetro y un orbe, dos de los atributos de la Virgen como Reina del Cielo y de la Tierra. Un grupo de ángeles músicos y algunos angelitos que contemplan la coronación completan la escena, de modo que la cúpula actúa como metáfora del cielo.
sant_joan.jpg;Sant Joan l’Evangelista;Cúpula;Llibre, ploma, àguila;Sant Joan l’Evangelista (s. I) va ser el més jove dels dotze apòstols, germà de sant Jaume el Major i autor d’un dels evangelis canònics i de l’Apocalipsi. Va ser el deixeble més proper a Jesús i l’únic present al Calvari, on Jesús li encomanà que tengués cura de la Verge Maria, a qui acollí a casa seva des de llavors. Segons la tradició, quan els apòstols es varen dispersar pel món, es va traslladar acompanyat de Maria a Efes, des d’on la Verge pujà al cel. Més endavant va ser arrestat i intentaren martiritzar-lo, però com que en sortí miraculosament il·lès, va ser desterrat a l’illa grega de Patmos, on tengué les visions que li inspiraren el llibre de l’Apocalipsi. Al final de la seva vida pogué tornar a Efes, on va escriure el seu evangeli.// En aquest fresc de l’any 1863, el pintor italo-mallorquí Francesc Parietti Rigo el representà escrivint un llibre, en al·lusió al seu paper com a evangelista, i acompanyat d’una àguila, que és el seu símbol en el tetramorf, la representació simbòlica dels quatre evangelistes. La identificació de sant Joan amb una àguila es deu al fet que el seu evangeli és el més abstracte i teològic dels quatre i, per tant, com una àguila, s’eleva per damunt dels altres en saviesa. A més, l’àguila és tradicionalment l’únic animal que pot mirar directament i sense enlluernar-se la llum del sol i sant Joan va ser l'evangelista que “mirà” de forma més directa la llum divina.;San Juan Evangelista;Cúpula;San Juan Evangelista (s. I) fue el más joven de los doce apóstoles, hermano de Santiago y autor de uno de los evangelios canónicos y del Apocalipsis. Fue el discípulo más cercano a Jesús y el único presente en el Calvario, donde Jesús le encomendó que cuidara de la Virgen María, a quien acogió en su casa desde entonces. Según la tradición, cuando los apóstoles se dispersaron por el mundo, se trasladó acompañado de María a Éfeso, desde donde la Virgen subió al cielo. Más adelante fue arrestado e intentaron martirizarlo, pero como salió milagrosamente ileso, fue desterrado a la isla griega de Patmos, donde tuvo las visiones que le inspiraron el libro del Apocalipsis. Al final de su vida pudo regresar a Éfeso, donde escribió su evangelio.// En este fresco del año 1863, el pintor italo-mallorquín Francesc Parietti Rigo lo representó escribiendo un libro, en alusión a su papel como evangelista, y acompañado de un águila, que es su símbolo en el tetramorfos, la representación simbólica de los cuatro evangelistas. La identificación de san Juan con un águila se debe a que su evangelio es el más abstracto y teológico de los cuatro y, por tanto, como un águila, se eleva por encima de los demás en sabiduría. Además, el águila es tradicionalmente el único animal que puede mirar directamente y sin deslumbrarse la luz del sol y san Juan fue el evangelista que “miró” de forma más directa la luz divina.
sant_lluc.jpg;Sant Lluc;Cúpula;Llibre, bou;Sant Lluc (s. I) no va ser un dels dotze apòstols, però va escriure un dels evangelis canònics i el llibre dels Fets dels Apòstols a partir de testimonis directes i de la seva pròpia experiència. Era metge de professió. Acompanyà sant Pau en els seus viatges missioners a Macedònia, Grècia i Roma, entre d’altres. Després de la mort de sant Pau, tornà a Grècia, on predicà fins a la seva mort. Segons la llegenda, pintà els primers retrats de la Verge Maria.// En aquest fresc de l’any 1863, el pintor italo-mallorquí Francesc Parietti Rigo el representà aguantant un llibre, que simbolitza el seu paper com a evangelista, i acompanyat d’un bou, que és el seu símbol en el tetramorf, la representació simbòlica dels quatre evangelistes. El motiu és que, en el bestiari popular, el bou és signe de sacrifici, i aquest és un dels temes centrals de l’evangeli de sant Lluc: comença parlant del sacrifici que oferí Zacaries a Déu i és també el que tracta amb més extensió l’episodi de la Passió de Crist.;San Lucas;Cúpula;San Lucas (s. I) no fue uno de los doce apóstoles, escribió uno de los evangelios canónicos y el libro de los Hechos de los Apóstoles a partir de testimonios directos y de su propia experiencia. Era médico de profesión. Acompañó a san Pablo en sus viajes misioneros a Macedonia, Grecia y Roma, entre otros lugares. Después de la muerte de san Pablo, volvió a Grecia, donde predicó hasta su muerte. Según la leyenda, pintó los primeros retratos de la Virgen María.// En este fresco del año 1863, el pintor italo-mallorquín Francesc Parietti Rigo lo representó sosteniendo un libro que simboliza su papel como evangelista y acompañado de un buey, que es su símbolo en el tetramorfos, la representación simbólica de los cuatro evangelistas. El motivo es que, en el bestiario popular, el buey es signo de sacrificio, y este es uno de los temas centrales del evangelio de san Lucas: empieza hablando del sacrificio que ofreció Zacarías a Dios y es también el que trata con mayor extensión el episodio de la Pasión de Cristo.
sant_marc.jpg;Sant Marc;Cúpula;Pergamí, lleó;Sant Marc (s. I) no va ser un dels dotze apòstols però va escriure el segon evangeli canònic, segurament a partir de les memòries i la predicació de sant Pere, de qui va ser col·laborador a Roma. Va fundar la comunitat cristiana d’Alexandria, on va ser el primer bisbe i va morir màrtir.// En aquest fresc de l’any 1863, el pintor italo-mallorquí Francesc Parietti Rigo el representà amb un pergamí que simbolitza el seu paper com a evangelista. L’acompanya un lleó, que és el seu símbol en el tetramorf, la representació simbòlica dels quatre evangelistes. El motiu és que el seu evangeli comença parlant de sant Joan Baptista, identificat amb la “veu que clama en el desert” anunciada pel profeta Isaïes i aquesta veu s’associa al rugit del lleó. El lleó, a més, simbolitza la Resurrecció, tema central de l’evangeli de sant Marc, perquè, segons una creença antiga, amb la seva veu pot retornar a la vida els seus cadells.;San Marcos;Cúpula;San Marcos (s. I) no fue uno de los doce apóstoles, pero escribió el segundo evangelio canónico, seguramente a partir de las memorias y la predicación de san Pedro, de quien fue colaborador en Roma. Fundó la comunidad cristiana de Alejandría, donde fue el primer obispo y murió mártir.// En este fresco del año 1863, el pintor italo-mallorquín Francesc Parietti Rigo lo representó con un pergamino que simboliza su papel como evangelista. Lo acompaña un león, que es su símbolo en el tetramorfos, la representación simbólica de los cuatro evangelistas. El motivo es que su evangelio comienza hablando de san Juan Bautista, identificado con la “voz que clama en el desierto” anunciada por el profeta Isaías y esta voz se asocia al rugido del león. El león, además, simboliza la Resurrección, tema central del evangelio de san Marcos, porque, según una creencia antigua, con su voz puede devolver a la vida a sus cachorros.
sant_mateu.jpg;Sant Mateu;Cúpula;Llibre, ploma, angelet;Sant Mateu (s. I) va ser un dels dotze apòstols i se’l considera l’autor del primer dels evangelis canònics. Era recaptador d'impostos per als romans fins que, un dia que estava al seu lloc de feina, Jesús passà per davant i li va dir que el seguís, i ell ho deixà tot per convertir-se en un dels seus seguidors més fidels. Després de la mort de Jesús predicà per Judea i per l’actual Etiòpia, on, segons la llegenda, va ser executat perquè en un sermó retregué al rei Hitarc que volgués casar-se amb la seva neboda, la princesa Ifigènia, a qui Mateu havia convertit i consagrat a Déu.// En aquest fresc de l’any 1863, el pintor italo-mallorquí Francesc Parietti Rigo el representà escrivint un llibre, en referència al seu paper com a evangelista, i acompanyat d’un àngel, que és el seu símbol en el tetramorf, la representació simbòlica dels quatre evangelistes. El motiu és que el seu evangeli comença repassant la genealogia humana de Jesús i l’àngel representa la humanitat de Jesús.;San Mateo;Cúpula;San Mateo (s. I) fue uno de los doce apóstoles y se le considera el autor del primero de los evangelios canónicos. Era recaudador de impuestos para los romanos hasta que, un día, mientras estaba en su lugar de trabajo, Jesús pasó ante él y le dijo que le siguiera, y él lo dejó todo para convertirse en uno de sus seguidores más fieles. Después de la muerte de Jesús predicó en Judea y en la actual Etiopía, donde, según la leyenda, fue ejecutado porque en un sermón reprochó al rey Hitarco que quisiera casarse con su sobrina, la princesa Ifigenia, a quien Mateo había convertido y consagrado a Dios.// En este fresco del año 1863, el pintor italo-mallorquín Francesc Parietti Rigo lo representó escribiendo un libro, lo que simboliza su papel como evangelista, y acompañado de un ángel, que es su símbolo en el tetramorfos, la representación simbólica de los cuatro evangelistas. El motivo es que su evangelio empieza repasando la genealogía humana de Jesús y el ángel representa la humanidad de Jesús.
sant_antoni_abat.jpg;Sant Antoni Abat;Transsepte dret;Ancià amb barba, hàbit de monjo, llibre, gaiato, campaneta;"Sant Antoni Abat (251–356) va ser un monjo egipci. És conegut també com sant Antoni de Viana, nom que deriva de Vienne, a França, on es fundà a l’edat mitjana baix el seu patronatge l’Orde dels Canonges Regulars de Sant Antoni, o antonians; a Mallorca és també popularment conegut com sant Antoni dels Ases. Fill d’una família rica, en morir els seus pares repartí tota la seva herència entre els pobres i es retirà a viure tot sol al desert com a anacoreta. És famós per les seves lluites contra el diable i les seves temptacions. Va ser el fundador del moviment dels anacoretes i el pare espiritual del monaquisme cristià, motiu pel qual és qualificat com a abat, malgrat que no ho va ser de cap monestir.// Aquesta escultura, obra de Guillem Galmés de l’any 1924, el representa com un ancià amb un llibre a la mà, símbol de saviesa espiritual i de la Paraula de Déu, i un bastó d’ermità del qual penja una campaneta. Aquesta campaneta fa referència a la seva relació amb els monjos antonians, que identificaven amb campanetes els porcs que criaven per obtenir el greix amb què curaven el “foc de sant Antoni”, una intoxicació alimentària provocada pel consum de sègol contaminat per un fong paràsit. ";San Antonio Abad;Transepto derecho;"San Antonio Abad (251–356) fue un monje egipcio. Es conocido también como san Antonio de Viana, nombre que deriva de Vienne, en Francia, donde se fundó en la edad media bajo su patronaje la Orden de los Canónigos Regulares de San Antonio, o antonianos; en Mallorca es también popularmente conocido como *sant Antoni dels Ases*. Hijo de una familia rica, al morir sus padres repartió toda su herencia entre los pobres y se retiró a vivir solo en el desierto como anacoreta. Es famoso por sus luchas contra el diablo y sus tentaciones. Fue el fundador del movimiento de los anacoretas y el padre espiritual del monaquismo cristiano, por lo que es calificado como abad, aunque no lo fue de ningún monasterio.// Esta escultura, obra de Guillermo Galmés de 1924, lo representa como un anciano con un libro en la mano, símbolo de sabiduría espiritual y de la Palabra de Dios, y un bastón de ermitaño del que cuelga una campanilla. Esta campanilla refiere a su relación con los monjes antonianos, que identificaban con campanillas a los cerdos que criaban para obtener la grasa con la que curaban el “fuego de san Antonio”, una intoxicación alimentaria provocada por el consumo de centeno contaminado por un hongo parásito."
ramon_llull.jpg;Ramon Llull;Transsepte dret;Hàbit marró franciscà, barba;El beat Ramon Llull (1232–1316) va ser un escriptor, filòsof, místic, teòleg i missioner mallorquí. Autor d’una obra extensíssima en català, llatí i àrab, és una de les figures més importants del pensament medieval europeu i un dels mallorquins més universals de la història. Era fill d’una família cortesana i arribà a ser preceptor del rei Jaume II, però quan tenia uns trenta anys, arran d’una sèrie de visions místiques, abandonà la vida cortesana i dedicà la resta de la seva vida a convertir els infidels a la fe cristiana per mitjà de la raó. Predicà per Europa, el Pròxim Orient i el nord d’Àfrica, i fundà el monestir de Miramar a Mallorca, on en una primera època s’enseyà àrab a frares franciscans per ajudar-los a evangelitzar els infidels.// En aquesta medalló apareix vestit amb l’hàbit franciscà, com a recordatori de la seva vinculació amb l’espiritualitat franciscana i la tradició que el considera terciari franciscà, és a dir, membre laic de l’orde franciscana. De fet, d’acord amb aquesta tradició, rebé l’hàbit franciscà *in articulo mortis*.;Ramon Llull;Transepto derecho;El beato Ramon Llull (1232–1316) fue un escritor, filósofo, místico, teólogo y misionero mallorquín. Autor de una obra extensísima en catalán, latín y árabe, es una de las figuras más importantes del pensamiento medieval europeo y uno de los mallorquines más universales de la historia. Era hijo de una familia cortesana y llegó a ser preceptor del rey Jaime II, pero alrededor de los treinta años, a raíz de una serie de visiones místicas, abandonó la vida cortesana y dedicó el resto de su vida a convertir a los infieles a la fe cristiana por medio de la razón. Predicó por Europa, Oriente Próximo y el norte de África, y fundó el monasterio de Miramar en Mallorca, donde en una primera época se enseñó árabe a frailes franciscanos para ayudarles a evangelizar a los infieles.// En este medallón aparece vestido con el hábito franciscano, como recordatorio de su vinculación con la espiritualidad franciscana y la tradición que le considera terciario franciscano, es decir, miembro laico de la orden franciscana. De hecho, de acuerdo con esta tradición, recibió el hábito franciscano *in articulo mortis*.
sant_crist.jpg;Sant Crist de l’Agonia;Transsepte dret;;La imatge del Sant Crist de l’Agonia, d’estil barroc, va ser donada a l’ermita pel cardenal Despuig l’any 1806. Anteriorment havia estat al monestir de la Immaculada Concepció de Palma.;Santo Cristo de la Agonía;Transepto derecho;La imagen del Santo Cristo de la Agonía, de estilo barroco, fue donada a la ermita por el cardenal Despuig en el año 1806. Anteriormente había estado en el monasterio de la Inmaculada Concepción de Palma.
santa_catalina_thomas_i_sant_antoni_abat.jpg;Santa Catalina Tomàs amb sant Antoni Abat;Transsepte dret;"Santa Catalina Tomàs: Nina, indumentària de pagesa mallorquina, gerra d’aigua Sant Antoni Abat: Ancià amb barba, indumentària de monjo, gaiato amb campaneta";Santa Catalina Tomàs (1531-1574), coneguda popularment a Mallorca com sor Tomasseta o la Beata, és, juntament amb sant Juníper Serra, un dels dos únics sants canonitzats nascuts a les Illes Balears. Va néixer a Valldemossa. Als deu anys quedà òrfena i se n'anà a viure a la possessió de son oncle, Son Gallard, on va fer de pagesa i pastora. Ja de ben joveneta va destacar per la seva espiritualitat i les seves experiències místiques, i als dinou anys es traslladà a Palma amb la intenció d'ingressar en un convent, però es trobà amb l'obstacle de la manca de dot. Mentretant, gràcies a la mediació del seu director espiritual, mossèn Antoni Castanyeda, entrà a servir a casa de la família Zaforteza, on aprengué a llegir i escriure. Finalment, el mateix mossèn Castanyeda aconseguí que fos acceptada al convent de Santa Magdalena de Palma.// Va ser famosa en vida per la seva saviesa i prudència, que la convertiren en una reconeguda consellera espiritual, pels seus dons profètics, per les seves bregues amb el dimoni i pels seus èxtasis místics, que de vegades arribaren a durar un dia sencer. El seu cos incorrupte està exposat al convent de Santa Magdalena de Palma.// Aquesta pintura fa referència a la tradició segons la qual quan era nina i vivia a Son Gallard, un vespre que havia anat a cercar aigua a la Font d’Avall de Valldemossa se li aparegué sant Antoni Abat i l’acompanyà fins a casa seva. Santa Catalina hi apareix vestida de pageseta, amb una gerra d’aigua, i sant Antoni amb barba llarga, vestit de monjo i amb un gaiato d’ermità amb una campaneta. Aquesta campaneta representa la seva relació amb els monjos antonians, que identificaven amb campanetes els porcs que criaven per obtenir el greix amb què curaven el “foc de sant Antoni”.;Santa Catalina Tomás con san Antonio Abad;Transepto derecho;Santa Catalina Tomàs (1531-1574), conocida popularmente en Mallorca como sor Tomasseta o la Beata, es, junto con san Juníper Serra, una de los dos únicos santos canonizados nacidos en Mallorca. Nació en Valldemossa. A los diez años quedó huérfana y se fue a vivir a la posesión de su tío, Son Gallard, donde trabajó como campesina y pastora. Ya desde muy joven destacó por su espiritualidad y sus experiencias místicas, y a los diecinueve años se trasladó a Palma con la intención de ingresar en un convento, pero se encontró con el obstáculo de no disponer de dote. Mientras tanto, gracias a la mediación de su director espiritual, mosén Antoni Castanyeda, entró a servir en casa de la familia Zaforteza, donde aprendió a leer y escribir. Finalmente, el mismo mosén Castanyeda consiguió que fuera aceptada en el convento de Santa Magdalena de Palma.// Fue famosa en vida por su sabiduría y prudencia, que la convirtieron en una reconocida consejera espiritual, por sus dones proféticos, por sus luchas con el demonio y por sus éxtasis místicos, que en ocasiones llegaron a durar un día entero. Su cuerpo incorrupto está expuesto en el convento de Santa Magdalena de Palma.// Esta pintura hace referencia a la tradición según la cual cuando era niña y vivía en Son Gallard, una noche que había ido a buscar agua a la Font d'Avall de Valldemossa se le apareció san Antonio Abad y la acompañó hasta su casa. Santa Catalina aparece vestida de campesina, con un cántaro de agua, y san Antonio con barba larga, vestido de monje y con un cayado de ermitaño con una campanilla. Esta campanilla representa su relación con los monjes antonianos, que identificaban con campanillas los cerdos que criaban para obtener la grasa con la que curaban el “fuego de san Antonio”.
sant_pau.jpg;Sant Pau de Tebes;Transsepte esquerre;Corb amb un pa a la boca;Sant Pau de Tebes (s. III), també conegut com sant Pau l’Ermità, va ser el primer ermità cristià. Segons la llegenda, fugint de la persecució de Deci, es retirà de jove a viure en una cova del desert de Tebes, on durant la primera quarantena d’anys s’alimentà exclusivament dels dàtils d’una palmera i de l’aigua d’una font, i més endavant d’un bocí de pa que diàriament li duia un corb. Poc abans de morir, la seva existència va ser revelada en somnis a sant Antoni Abat, que el visità.// En aquesta escultura, obra de Guillem Galmés de l’any 1924, se’l representa com un ancià, ja que segons la tradició visqué 113 anys, acompanyat del corb amb el pa al bec que l’alimentava.;San Pablo de Tebas;Transepto izquierdo;San Pablo de Tebas (s. III), también conocido como san Pablo el Ermitaño, fue el primer ermitaño cristiano. Según la leyenda, huyendo de la persecución de Decio, se retiró de joven a vivir en una cueva del desierto de Tebas, donde durante los primeros cuarenta años se alimentó exclusivamente de los dátiles de una palmera y del agua de una fuente, y más adelante de un trozo de pan que diariamente le llevaba un cuervo. Poco antes de morir, su existencia fue revelada en sueños a san Antonio Abad, que lo visitó.// En esta escultura, obra de Guillem Galmés de 1924, se le representa como un anciano, ya que según la tradición vivió 113 años, acompañado del cuervo con el pan en el pico que lo alimentaba.
bateig_de_jesus.jpg;Baptisme de Jesús;Transsepte esquerre;Sant Joan Baptista: Copinya de batiar, colom;Aquest quadre representa el baptisme de Jesús per sant Joan Baptista al riu Jordà. Jesús hi apareix agenollat dins el riu, mentre el sant li aboca aigua sobre el cap amb una copinya. A la part superior es representa l’Esperit Sant en forma de colom, del qual irradien rajos de glòria, seguint la narració que fa l’evangeli de sant Lluc d’aquesta escena.;Bautismo de Jesús;Transepto izquierdo;Este cuadro representa el bautismo de Jesús por san Juan Bautista en el río Jordán. Jesús aparece arrodillado en el río, mientras el santo le vierte agua sobre la cabeza con una concha. En la parte superior se representa al Espíritu Santo en forma de paloma, del cual irradian rayos de gloria, siguiendo la narración de esta escena en el evangelio de San Lucas.
jaume_morei_sepulcre.jpg;Sepulcre de Jaume Morei;Transsepte esquerre;;Don Jaume Morei Andreu de Santmartí va ser el noble mallorquí que l’any 1805 donà dues quarterades de terra i les restes de les edificacions de l’antiga alqueria mora de Binialgorfa perquè alguns ermitans procedents de les comunitats de Sant Honorat de Randa i de la Santíssima Trinitat de Valldemossa hi fundassin una ermita dedicada al Naixement de Jesús a Betlem, d'on prové l’actual nom de l’ermita. Morí de pesta a Barcelona l’any 1853, i va ser necessari un permís especial del governador de Barcelona perquè la seva vídua pogués traslladar el seu cadàver i fer-lo enterrar aquí.;Sepulcro de Jaume Morei;Transepto izquierdo;Don Jaime Morei Andreu de Santmartí fue el noble mallorquín que en el año 1805 donó dos cuarteradas de tierra y los restos de las edificaciones de la antigua alquería mora de Binialgorfa para que algunos ermitaños procedentes de las comunidades de Sant Honorat de Randa y de la Santísima Trinidad de Valldemossa fundasen una ermita dedicada al Nacimiento de Jesús de Belén, de donde proviene el nombre actual de la ermita. Murió de peste en Barcelona en 1853, y fue necesario un permiso especial del gobernador de Barcelona para que su viuda pudiera trasladar su cadáver y enterrarlo aquí.
purissima2.jpg;Immaculada Concepció;Transsepte esquerre;Serp amb poma a la boca als peus, corona d’estrelles, mantell blau;La Immaculada Concepció és el dogma de l’Església Catòlica que afirma que la Verge Maria va ser concebuda sense pecat original per la gràcia de Déu, cosa que la preparà per ser la Mare de Déu. Aquest dogma va ser proclamat l’any 1854 pel papa Pius IX, després de molts segles de debat teològic. A Mallorca, aquesta advocació de la Verge Maria també és coneguda popularment com la Puríssima.// Se sol representar la Immaculada com en aquesta escultura: vestida amb túnica blanca i mantell blau, símbols de puresa i celestialitat, respectivament, i amb les mans juntes en actitud de pregària. L’aureola de dotze estrelles que la corona fa referència al llibre de l’Apocalipsi, on s’anuncia l’aparició d’una dona vestida amb el sol, amb la lluna sota els peus i una corona de dotze estrelles al cap. La seva representació trepitjant una serp amb una poma a la boca simbolitza la seva victòria sobre el pecat original i el mal.;Inmaculada Concepción;Transepto izquierdo;La Inmaculada Concepción es el dogma de la Iglesia Católica que afirma que la Virgen María fue concebida sin pecado original por la gracia de Dios, lo que la preparó para ser la Madre de Dios. Este dogma fue proclamado en el año 1854 por el papa Pío IX, después de muchos siglos de debate teológico. En Mallorca, esta advocación de la Virgen María también es conocida popularmente como la Purísima.// Se suele representar la Inmaculada como en esta escultura: vestida con túnica blanca y manto azul, símbolos de pureza y celestialidad, respectivamente, y con las manos juntas en actitud de oración. La aureola de doce estrellas que la corona hace referencia al libro del Apocalipsis, donde se anuncia la aparición de una mujer vestida con el sol, con la luna bajo sus pies y una corona de doce estrellas en la cabeza. Su representación pisando una serpiente con una manzana en la boca simboliza su victoria sobre el pecado original y el mal.
santa_catalina_thomas_atic.jpg;Santa Catalina Tomàs;Transsepte esquerre;Indumentària de pagesa mallorquina;Santa Catalina Tomàs (1531-1574), coneguda popularment a Mallorca com sor Tomasseta o la Beata, és, juntament amb sant Juníper Serra, un dels dos únics sants canonitzats nascuts a les Illes Balears. Va néixer a Valldemossa. Als deu anys quedà òrfena i se n'anà a viure a la possessió de son oncle, Son Gallard, on va fer de pagesa i pastora. Ja de ben joveneta va destacar per la seva espiritualitat i les seves experiències místiques, i als dinou anys es traslladà a Palma amb la intenció d'ingressar en un convent, però es trobà amb l'obstacle de la manca de dot. Mentretant, gràcies a la mediació del seu director espiritual, mossèn Antoni Castanyeda, entrà a servir a casa de la família Zaforteza, on aprengué a llegir i escriure. Finalment, el mateix mossèn Castanyeda aconseguí que fos acceptada al convent de Santa Magdalena de Palma.// Va ser famosa en vida per la seva saviesa i prudència, que la convertiren en una reconeguda consellera espiritual, pels seus dons profètics, per les seves bregues amb el dimoni i pels seus èxtasis místics, que de vegades arribaren a durar un dia sencer. El seu cos incorrupte està exposat al convent de Santa Magdalena de Palma.// En aquest medalló apareix vestida de pagesa mallorquina. ;Santa Catalina Tomás;Transepto izquierdo;Santa Catalina Tomàs (1531-1574), conocida popularmente en Mallorca como sor Tomasseta o la Beata, es, junto con san Juníper Serra, una de los dos únicos santos canonizados nacidos en Mallorca. Nació en Valldemossa. A los diez años quedó huérfana y se fue a vivir a la posesión de su tío, Son Gallard, donde trabajó como campesina y pastora. Ya desde muy joven destacó por su espiritualidad y sus experiencias místicas, y a los diecinueve años se trasladó a Palma con la intención de ingresar en un convento, pero se encontró con el obstáculo de no disponer de dote. Mientras tanto, gracias a la mediación de su director espiritual, mosén Antoni Castanyeda, entró a servir en casa de la familia Zaforteza, donde aprendió a leer y escribir. Finalmente, el mismo mosén Castanyeda consiguió que fuera aceptada en el convento de Santa Magdalena de Palma.// Fue famosa en vida por su sabiduría y prudencia, que la convirtieron en una reconocida consejera espiritual, por sus dones proféticos, por sus luchas con el demonio y por sus éxtasis místicos, que en ocasiones llegaron a durar un día entero. Su cuerpo incorrupto está expuesto en el convento de Santa Magdalena de Palma.// En este medallón aparece vestida de campesina mallorquina.